uuid,username,password,salt,md5,sha1,sha256
b145a8dc-fb54-41a5-9254-ae36cafed8a5,goldenfish705,beatles1,0UwqfNtu,fec8d66da4d7889d372eb1155d6e2638,16d26850377bac9e581a39812b84e4fdd5d79fc0,66ea747bf0ca452c2760f391c7c0f34485a7f664aa03b6e10b72e466944588a3
eca62c1f-ef6f-493f-88c4-679c34fc3021,blackbutterfly415,romeo1,REVg2wuQ,e42cffe0a1d19a6574cbe11d79b390a2,f36cae6e178cb4f2cfbef54088d7be0d795e7db8,640a749ad4a688a519a1d4a484617a4b446eb159fff0014ad95d6a02c6910b1e
ae4123bc-975c-4122-96c6-5cd1d111674e,brownbear854,gamecube,p41HkNYG,2a9f35894b006bd276efd0c53ea611c4,2b341c3e964ceb3a61eb13b7393ff7e40ce4f7ba,90df5cdf5ef11dae8b23121616201eaec7e7abf3909530961048547a47d1c7c4
ecb06a1a-c0f7-4c7d-bd6a-f114fbc9b3d9,silverwolf786,whistler,dXOM1ZKa,5e3dc5f39a2c58595e01775394c18068,5251039893c9b72f94d38a4b6bfb1fef4aeb8a61,1f7084a6a44e0353396bc67df585600077e4d7035dc5778ed81a3cebfde8ab1f
e9937168-188f-4e9c-9d9c-f1278a20b56c,smallladybug666,dragonba,1O4Ubaux,801fc97f549d7d78bc0a5ba514615db1,9cad8ea736a0a8d670e71f11ce75c6814f83cc61,638f078dc7ebdc0e9446e388e7f6f9491dbb26a34306bf5102aa3613e1e63e7f
b46ed176-2844-4c3a-9a67-3add8490b1ce,angryrabbit836,schmidt,WppLoZUk,d357155d480d5de58c2c5e9d1e3c6498,0a9b2fa403dcb28e3c2b27a50b6447159536ac7c,9328c315b9ad88e52c7653e7ebcf98931ecc0b5384c3d8817f94ea5a3d0c9ef7
0defb9ac-5c11-41ed-9116-df66aa00e651,beautifulpeacock698,monday,WC4U0MBx,f40a665ac0b5fd0950503b53bc03a607,d2b2a909bc1f7e115aba9dd4ac7e2f3d732f6e57,634f3254766281e21ff9007965b8e58716d8b76f2c04da6efe77147c84e1afbf
c8aae52f-06b5-4b69-b36e-22e3fcaccc38,silvermeercat358,bombay,I0LxGkR5,1cb812d9129943d896ab05935a8dad59,941feb465ac9e9480d88fb1fa0170b7ac815ea57,3d2bf1d02e8e2fee3f32da8f1c102306cfd6fa790267bf43c3ff155a66985a80
c6074ebf-0afd-45ba-9661-b9b7c1d55bc2,bigswan511,renee,JpT0KDQS,490a234e02c96c0894ab25a097f7ff9c,2d54a71b0dafcbc651ed42e7a95d14a6f5fe4f0d,bd0f98f8729ecd038d42f5cd259de48a99139092abe532b2c18b646eff6a02d3
d50a554e-0d88-40f4-a0ef-687200fddea6,orangezebra636,moose,wsMB0o9U,1f26599d2da036d97e4cb40907b40c3e,7a48daa4f26b516dfd6ebc5149aad8e1cec9b9f3,71521e9a99c62ad7230878a17c7518b6a284982743b94a8e4bc35601111df335
c221cbd9-783e-4d82-ad86-30d17cb63f4a,lazygoose294,shou,rq24QnXL,096f21d86017181fa4b6b41338f8952e,57f33470d48644b9e8c20c254d5864625396efbb,c1dd79ef49a86e26a710fba064dd367350ee259df784d68260b7b744e84d008c
88545270-4457-4ff5-bb41-fb04e88a6610,purplemouse815,porter,yA4q9wG9,d2fd2bf2c5ad707887c475ed966d404f,fd5cef676f967b01cb7a4d40bb47a6f32c530e60,76de17a4547c6fcdbc83e5dfc424dcb055edd18de75c10ca69967c74a4a1ce12
9dd90fcf-c620-4e69-9d55-d8fdb804edb5,lazyrabbit303,xyz123,RqM4x0KB,77c9e5ec66528b33cf2a55bc550df2b1,8714636f5a4bd050ee600471ff0c3b4653a70014,b75a28ff6b9f579743106c273e087cd803425b1cffa8f7c251853074a01d4797
acd27ee5-8a5d-4736-ad46-2b136e57e8ad,organicbird180,snoopy,VnzUv2TV,50a090f70edd88ab3694f37c70b56a1d,e2d51a587a12604968ff63a79c169a22aff6d317,c8662f9357f8110b9ba9fee2a24d6acf1581a929ec7e9e606cfcb1a2aa48dec7
c00554d7-ad1d-4224-b685-3c264e6630bc,blackzebra407,paris,YOxr951p,ea001d97431e8cde0f280f556f3e6836,292faddf54984f934e9ace8e5d425867948174fd,4739796a3f878d4025656eda6dd09bb0487e74dd04ac1ffb30b5df08fdba508b
0c9652bc-4493-4dc2-80cd-31c63e2bc081,blueduck244,titanic,MUUvQ6zu,ec03862c415e0b4f41f0603aed2b8666,e4e78780d5e03671fa86b6d6e8e70367b8a40742,73bd482910eafa3d23f80c7ee921e80de69cd4b27dded2b5a4efe540518891e7
6a858403-5725-478f-8b4c-c7ecf97691ba,crazyzebra167,harvey,emhxYBCl,9d10bea53a7bae1be115e28f1a6c84b4,1a22e3fc1107be75863b965265670eabae25c33f,2fea7956d6702646f02932da402158351268b301b9dac5cbd23da024d31a0544
e7771b50-daa9-4b38-a039-524d6663185e,bigleopard102,killjoy,F5MX7Wcq,3d15068e21e704c769169b13c17415a0,9860da5a631ff12f46cfac95172472200b79652a,20fb21c6b7a3ca821ec4b6f03c1a839c92f771a0e139bf4d682f60cabd6fd18c
8158925c-a6f1-4d06-94d5-db045efc9b8f,sadpanda726,tarzan,AzInMKll,d65b9a365e10ceadf588370db514c419,e54c38d21912d1df72457bcb261bb41326851e62,4496e883798eb673e61a157aa57cca73d7116046f01fd9dc3b8a07168d2c6c88
89484995-f944-470e-83bc-89783eee34e6,tinyduck776,ffffff,PJBAlQcr,ee58685848314c23696b3086fdfcd99c,6482ed476e0d33712b26048efa2db53a02588921,a866565ca7ce825d5845885009d41acde2e6084e46c1b94cfb5d1329e955b511
uuid,username,password,salt,md5,sha1,sha256
